contract_id,Agreement Date,Effective Date,Expiration Date,Governing Law,Indemnification,Limitation Of Liability,Non-Compete,Parties,Termination For Convenience
ABILITYINC_06_15_2020-EX-4.25-SERVICES AGREEMENT,"October 01, 2019","November 01, 2019","December 31, 2020",Israel,NOT FOUND,NOT FOUND,NOT FOUND,"Ability Computer & Software Industries Ltd | TELCOSTAR PTE, LTD",Yes | Notice: 90 days | Either Party | Without Cause
ACCURAYINC_09_01_2010-EX-10.31-DISTRIBUTOR AGREEMENT,"June 08, 2010","June 08, 2010",Co-terminous with Strategic Alliance Agreement (or 3-Year/36-Month fallback term),Germany,NOT FOUND,"Yes | Excludes: Consequential, Incidental, Punitive, Lost Profits/Revenue damages | Cap: the aggregate amount of the purchase prices paid by Distributor to Accuray for Products pursuant to | Exceptions: Willful Misconduct, Confidentiality Breach, IP Infringement",NOT FOUND,SIEMENS AKTIENGESELLSCHAFT | ACCURAY INCORPORATED,NOT FOUND
ADAMSGOLFINC_03_21_2005-EX-10.17-ENDORSEMENT AGREEMENT,"January 13, 2005",NOT FOUND,See Contract Terms (redacted duration),"Kansas, United States",NOT FOUND,NOT FOUND,NOT FOUND,"TOM WATSON | ADAMS GOLF, LTD",NOT FOUND
AMERICANPHYSICIANSCAPITALINC_03_31_2003-EX-10.26-AGENCY AGREEMENT,NOT FOUND,NOT FOUND,See Contract Terms,"Nevada, United States",NOT FOUND,NOT FOUND,"Yes | Restricted Party: attached Commission Schedule

                  in Nevada, A | Scope: Non-Competition, Exclusivity","Stratton, Cheeseman & Walsh-Nevada, Inc. | Mutual Insurance Corporation of America",NOT FOUND
AMERICASSHOPPINGMALLINC_12_10_1999-EX-10.2-SITE DEVELOPMENT AND HOSTING AGREEMENT,"August 09, 1999",NOT FOUND,1-Year (12 months) Initial Term,"New York, United States",NOT FOUND,NOT FOUND,Yes | Restricted Party: HDI | Duration: 2 years post-expiry | Scope: Non-Competition,"Hanover Direct, Inc",NOT FOUND
ANIXABIOSCIENCESINC_06_09_2020-EX-10.1-COLLABORATION AGREEMENT,"April 14, 2020","April 14, 2020",Until Completion of Program/Milestones,"Delaware, United States",NOT FOUND,NOT FOUND,NOT FOUND,"OntoChem GmbH | Anixa Biosciences, Inc",Yes | Notice: 30 days | Without Cause
ASPIRITYHOLDINGSLLC_05_07_2012-EX-10.6-OUTSOURCING AGREEMENT,NOT FOUND,NOT FOUND,Until Terminated,"Minnesota, United States",NOT FOUND,NOT FOUND,NOT FOUND,"Redwater LLC | Twin Cities Power Holdings, LLC",Yes | Notice: 60 days | Initiating Party: The Company | Without Cause
ATMOSENERGYCORP_11_22_2002-EX-10.17-TRANSPORTATION SERVICE AGREEMENT,"May 20, 1992",NOT FOUND,10-Year (120 months) Initial Term,"Arkansas, United States",NOT FOUND,NOT FOUND,NOT FOUND,Arkansas Western Pipeline Company | Associated Natural Gas Company,NOT FOUND
AimmuneTherapeuticsInc_20200205_8-K_EX-10.3_11967170_EX-10.3_Development Agreement,"February 04, 2020","February 04, 2020",Until Completion of Program/Milestones,"California, United States",NOT FOUND,"Yes | Excludes: Consequential, Incidental, Indirect, Lost Profits/Revenue damages | Exceptions: Confidentiality Breach, Indemnification Obligations",NOT FOUND,"Aimmune Therapeutics, Inc | Xencor, Inc",Yes | Notice: 60 days | Initiating Party: Aimmune
AlliedEsportsEntertainmentInc_20190815_8-K_EX-10.19_11788293_EX-10.19_Content License Agreement,"February 01, 2018","February 01, 2018",3-Year (36 months) Initial Term,"California, United States",IP Non-Challenge Clause (not indemnification),"Yes | Excludes: Consequential, Punitive, Indirect, Lost Profits/Revenue damages | Exceptions: Gross Negligence, Willful Misconduct, Fraud, Confidentiality Breach, Indemnification Obligations",NOT FOUND,"ZYNGA INC | WPT Enterprises, Inc | Zynga US | ZYNGA GAME IRELAND LIMITED",NOT FOUND
AlliedEsportsEntertainmentInc_20190815_8-K_EX-10.34_11788308_EX-10.34_Sponsorship Agreement,"February 01, 2019","February 01, 2019","January 31, 2024","California, United States",IP Non-Challenge Clause (not indemnification),"Yes | Excludes: Consequential, Incidental, Punitive, Exemplary, Indirect, Lost Profits/Revenue damages",NOT FOUND,"Allied Esports International, Inc | Newegg Inc",Yes | Notice: 60 days | Either Party | Without Cause
"Antares Pharma, Inc. - Manufacturing Agreement",NOT FOUND,NOT FOUND,Co-terminous with Development and License Agreement,"New York, United States",NOT FOUND,Yes | Exceptions: Willful Misconduct,NOT FOUND,"Antares Pharma, Inc | AMAG Pharmaceuticals, Inc",NOT FOUND
ArcGroupInc_20171211_8-K_EX-10.1_10976103_EX-10.1_Sponsorship Agreement,"November 27, 2017","April 01, 2018","April 01, 2018",NOT FOUND,NOT FOUND,NOT FOUND,NOT FOUND,"The ARC Group, Inc. | Jacksonville Jaguars, LLC",NOT FOUND
AtnInternationalInc_20191108_10-Q_EX-10.1_11878541_EX-10.1_Maintenance Agreement,NOT FOUND,NOT FOUND,See Contract Terms,"New York, United States",NOT FOUND,"Yes | Excludes: Consequential, Incidental, Punitive damages | Cap: $[***] | Exceptions: Confidentiality Breach, IP Infringement, Indemnification Obligations",NOT FOUND,"Commnet Wireless, LLC | AT&T Mobility LLC",NOT FOUND
AzulSa_20170303_F-1A_EX-10.3_9943903_EX-10.3_Maintenance Agreement1,"March 09, 2015",NOT FOUND,See Contract Terms (redacted duration),"New York, United States",NOT FOUND,Yes | Excludes: Redacted damage types listed in contract,NOT FOUND,AVIONS DE TRANSPORT REGIONAL | AZUL LINHAS AÉREAS BRASILEIRAS S/A,Yes | Notice: Redacted | Initiating Party: Company | Without Cause
AzulSa_20170303_F-1A_EX-10.3_9943903_EX-10.3_Maintenance Agreement2,"January 06, 2016",NOT FOUND,See Contract Terms,"New York, United States",NOT FOUND,NOT FOUND,NOT FOUND,"AZUL LINHAS AÉREAS BRASILEIRAS S/A | AVIONS DE TRANSPORT REGIONAL, G.I.E",NOT FOUND
BANGIINC_05_25_2005-EX-10-Premium Managed Hosting Agreement,"March 01, 2005","March 01, 2005","February 28, 2006",NOT FOUND,NOT FOUND,NOT FOUND,NOT FOUND,AstroNutrition.com,NOT FOUND
"BELLICUMPHARMACEUTICALS,INC_05_07_2019-EX-10.1-Supply Agreement","March 27, 2019","March 27, 2019",10-Year (120 months) Initial Term,"New York, United States",NOT FOUND,"Yes | Excludes: Consequential, Incidental, Punitive, Exemplary, Indirect, Lost Profits/Revenue damages | Cap: THE AMOUNT OF SUCH PARTY'S INSURANCE COVERAGE FOR SUCH AGGREGATE LIABILITY | Exceptions: Gross Negligence, Willful Misconduct, Confidentiality Breach, IP Infringement",NOT FOUND,"Bellicum Pharmaceuticals, Inc | Miltenyi Biotec GmbH",Yes | Notice: 90 days | Initiating Party: Bellicum | Without Cause
"BELLRINGBRANDS,INC_02_07_2020-EX-10.18-MASTER SUPPLY AGREEMENT","October 31, 2019","October 31, 2019","5-Year (60 months) Initial Term, Auto-Renewal","Delaware, United States",NOT FOUND,"Yes | Exceptions: Gross Negligence, Confidentiality Breach, Indemnification Obligations",NOT FOUND,"Premier Nutrition Company, LLC | Fonterra (USA) Inc",NOT FOUND
BICYCLETHERAPEUTICSPLC_03_10_2020-EX-10.11-SERVICE AGREEMENT,"September 26, 2019","September 26, 2019",See Contract Terms,United Kingdom,IP Non-Challenge Clause (not indemnification),NOT FOUND,"Yes | Duration: firm or company directly or indirectly in competition with t | Scope: Non-Solicitation, No-Hire, Non-Competition",NIGEL CROCKETT | BICYCLETX LIMITED,Yes | Notice: Not specified | Initiating Party: Company
BIOCEPTINC_08_19_2013-EX-10-COLLABORATION AGREEMENT,"November 02, 2012","November 02, 2012",3-Year (36 months) Initial Term,"California, United States",IP Non-Challenge Clause (not indemnification),"Yes | Excludes: Consequential, Incidental, Punitive damages | Exceptions: Confidentiality Breach, Indemnification Obligations",NOT FOUND,"BIOCEPT, INC | LIFE TECHNOLOGIES CORPORATION",Yes | Notice: 120 days | Either Party | Without Cause
BNCMORTGAGEINC_05_17_1999-EX-10.4-LICENSING AND WEB SITE HOSTING AGREEMENT,"February 26, 1999","February 26, 1999",See Contract Terms,"California, United States",NOT FOUND,"Yes | Exceptions: Gross Negligence, Willful Misconduct",NOT FOUND,"Mortgage Logic.com, Inc | TrueLink, Inc",NOT FOUND
BONTONSTORESINC_04_20_2018-EX-99.3-AGENCY AGREEMENT,"April 18, 2018",NOT FOUND,NOT FOUND,"Delaware, United States",NOT FOUND,NOT FOUND,NOT FOUND,"The Bon-Ton Stores, Inc. | Wilmington Savings Fund Society, FSB | Tiger Capital Group, LLC | GA Retail, Inc.",Yes | Notice: Not specified
"BORROWMONEYCOM,INC_06_11_2020-EX-10.1-JOINT VENTURE AGREEMENT",NOT FOUND,"March 01, 2020","February 28, 2025","Florida, United States",NOT FOUND,NOT FOUND,NOT FOUND,"JVLS, LLC | BorrowMoney.com, Inc.",NOT FOUND
CORIOINC_07_20_2000-EX-10.5-LICENSE AND HOSTING AGREEMENT,"October 29, 1999","October 29, 1999",5-Year (60 months) Initial Term,"California, United States",Covenant Not to Sue (not indemnification),"Yes | Excludes: Consequential, Indirect, Lost Profits/Revenue damages",NOT FOUND,"Commerce One, Inc | Corio Inc",NOT FOUND
CUROGROUPHOLDINGSCORP_05_04_2020-EX-10.3-SERVICING AGREEMENT,"April 08, 2020",NOT FOUND,See Contract Terms,"New York, United States",NOT FOUND,NOT FOUND,NOT FOUND,"CURO MANAGEMENT, LLC | CURO RECEIVABLES FINANCE II, LLC",NOT FOUND
CardlyticsInc_20180112_S-1_EX-10.16_11002987_EX-10.16_Maintenance Agreement1,"November 04, 2010","November 04, 2010",Perpetual,"North Carolina, United States",NOT FOUND,"Yes | Excludes: Consequential, Incidental, Punitive, Exemplary, Indirect, Lost Profits/Revenue damages | Exceptions: Gross Negligence, Willful Misconduct, Confidentiality Breach",NOT FOUND,"Bank of America, N.A | Cardlytics, Inc",Yes | Notice: 30 / 45 days (varies by party) | Initiating Party: Bank of America | Without Cause
CardlyticsInc_20180112_S-1_EX-10.16_11002987_EX-10.16_Maintenance Agreement2,NOT FOUND,NOT FOUND,NOT FOUND,NOT FOUND,NOT FOUND,NOT FOUND,NOT FOUND,"Bank of America, N.A | [Counterparty Name Redacted]",NOT FOUND
CerenceInc_20191002_8-K_EX-10.4_11827494_EX-10.4_Intellectual Property Agreement,"September 30, 2019",NOT FOUND,NOT FOUND,"Delaware, United States",IP Non-Challenge Clause (not indemnification),"Yes | Excludes: Consequential, Punitive, Indirect damages",NOT FOUND,"CERENCE INC. | NUANCE COMMUNICATIONS, INC.",Yes | Notice: Not specified
ChinaRealEstateInformationCorp_20090929_F-1_EX-10.32_4771615_EX-10.32_Content License Agreement,NOT FOUND,NOT FOUND,10-Year (120 months) Initial Term,China,IP Non-Challenge Clause (not indemnification),NOT FOUND,NOT FOUND,"Beijing Yisheng Leju Information Services Co., Ltd | Beijing SINA Internet Information Service Co., Ltd",NOT FOUND
ConformisInc_20191101_10-Q_EX-10.6_11861402_EX-10.6_Development Agreement,"September 30, 2019","September 30, 2019",Until Completion of Program/Milestones,"New York, United States",NOT FOUND,"Yes | Exceptions: Gross Negligence, Willful Misconduct, Fraud",NOT FOUND,"Howmedica Osteonics Corp. (Stryker) | Conformis, Inc.",NOT FOUND
CreditcardscomInc_20070810_S-1_EX-10.33_362297_EX-10.33_Affiliate Agreement,"April 06, 2007",NOT FOUND,Until Terminated,"Delaware, United States",NOT FOUND,"Yes | Excludes: Consequential, Incidental, Indirect, Lost Profits/Revenue damages",NOT FOUND,"Chase Bank USA, N.A.",Yes | Notice: Not specified | Initiating Party: Either Affiliate or Chase | Without Cause
CytodynInc_20200109_10-Q_EX-10.5_11941634_EX-10.5_License Agreement,"December 17, 2019","December 17, 2019",See Contract Terms,"New York, United States",IP Non-Challenge Clause (not indemnification),"Yes | Excludes: Consequential, Incidental, Punitive, Exemplary, Indirect, Lost Profits/Revenue damages | Exceptions: Confidentiality Breach",NOT FOUND,"Vyera Pharmaceuticals, LLC | CytoDyn Inc",Yes | Notice: 180 days | Initiating Party: Vyera | Without Cause
DOMINIADVISORTRUST_02_18_2005-EX-99.(H)(2)-SPONSORSHIP AGREEMENT,"February 04, 2005","February 04, 2005",Until Terminated,"Massachusetts, United States",NOT FOUND,NOT FOUND,NOT FOUND,Domini Advisor Trust | Domini Social Investments LLC,Yes | Notice: 60 days
DRAGONSYSTEMSINC_01_08_1999-EX-10.17-OUTSOURCING AGREEMENT,"January 19, 1998","January 19, 1998",Perpetual,Netherlands,NOT FOUND,"Yes | Excludes: Consequential, Indirect damages | Exceptions: Gross Negligence",NOT FOUND,"MODUS MEDIA INTERNATIONAL | DRAGON SYSTEMS, INC",Yes | Notice: 60 days | Initiating Party: Dragon | Without Cause
DataCallTechnologies_20060918_SB-2A_EX-10.9_944510_EX-10.9_Content License Agreement,"March 24, 2006","April 01, 2006","April 01, 2008",United States,NOT FOUND,NOT FOUND,NOT FOUND,"Data Call Technologies, Inc | PLAN_B MEDIA AG",NOT FOUND
DigitalCinemaDestinationsCorp_20111220_S-1_EX-10.10_7346719_EX-10.10_Affiliate Agreement,NOT FOUND,NOT FOUND,5-Year (60 months) Initial Term,"Delaware, United States",IP Non-Challenge Clause (not indemnification),"Yes | Excludes: Consequential, Incidental, Punitive, Exemplary, Indirect, Lost Profits/Revenue damages | Exceptions: IP Infringement, Indemnification Obligations","Yes | Restricted Party: Network Affiliate | Duration: During the Term | Scope: Non-Competition, Exclusivity","National CineMedia, LLC | Digital Cinema Destinations Corp",NOT FOUND
ELANDIAINTERNATIONALINC_04_25_2007-EX-10.21-Outsourcing Agreement,NOT FOUND,NOT FOUND,5-Year (60 months) Initial Term,Papua New Guinea,NOT FOUND,NOT FOUND,NOT FOUND,BANK OF SOUTH PACIFIC LIMITED | DATEC (PNG) LIMITED | Bank of South Pacific Ltd,Yes | Notice: 6 months | Initiating Party: The BSP | Without Cause
ELECTRAMECCANICA VEHICLES CORP. - Manufacturing Agreement,NOT FOUND,NOT FOUND,"4-Year (48 months) Initial Term, Auto-Renewal",Hong Kong,NOT FOUND,NOT FOUND,NOT FOUND,"CHONGQING ZONGSHEN AUTOMOBILE INDUSTRY CO., LTD | ELECTRAMECCANICA VEHICLES CORP",NOT FOUND
"ELFBEAUTY,INC_07_02_2020-EX-10.1-COOPERATION AGREEMENT","July 01, 2020",NOT FOUND,Co-terminous with Related Agreement,"Delaware, United States",NOT FOUND,NOT FOUND,NOT FOUND,"Mario Cibelli | Marathon Partners Equity Management, LLC | e.l.f. Beauty, Inc. | Marathon Focus Fund L.P.",NOT FOUND
ENERGOUSCORP_03_16_2017-EX-10.24-STRATEGIC ALLIANCE AGREEMENT,"November 06, 2016","November 06, 2016","7-Year (84 months) Initial Term, Auto-Renewal","California, United States",NOT FOUND,"Yes | Excludes: Consequential, Incidental, Punitive, Exemplary, Indirect, Lost Profits/Revenue damages | Cap: [***] per occurrence of an Epidemic Defect | Exceptions: Gross Negligence, Willful Misconduct, Confidentiality Breach, Indemnification Obligations","Yes | Scope: Non-Solicitation, No-Hire, Non-Competition",Energous Corporation | Dialog Semiconductor (UK) Ltd,Yes | Notice: 180 days | Without Cause
ENERGYXXILTD_05_08_2015-EX-10.13-Transportation AGREEMENT,"March 11, 2015","March 11, 2015",Until Terminated,"Texas, United States",NOT FOUND,"Yes | Excludes: Consequential, Incidental, Punitive, Exemplary, Indirect, Special damages | Exceptions: Indemnification Obligations",NOT FOUND,"ENERGY XXI USA, INC | ENERGY XXI GULF COAST, INC",Yes | Notice: 30 days | Either Party
ENTERTAINMENTGAMINGASIAINC_02_15_2005-EX-10.5-DISTRIBUTOR AGREEMENT,"January 21, 2005","January 21, 2005","5-Year (60 months) Initial Term, Auto-Renewal",Canada,NOT FOUND,"Yes | Excludes: Consequential, Punitive, Indirect, Lost Profits/Revenue damages","Yes | Duration: four (24) months | Scope: Non-Solicitation, No-Hire",Technical Casino Supplies Ltd | VendingData Corporation,Yes | Notice: 90 days
EcoScienceSolutionsInc_20171117_8-K_EX-10.1_10956472_EX-10.1_Endorsement Agreement,NOT FOUND,NOT FOUND,"1-Year (12 months) Initial Term, Auto-Renewal","Michigan, United States",NOT FOUND,NOT FOUND,NOT FOUND,"Eco Science Solutions, Inc. | Stephen Marley",NOT FOUND
EmmisCommunicationsCorp_20191125_8-K_EX-10.6_11906433_EX-10.6_Marketing Agreement,"November 25, 2019","December 31, 2022","December 31, 2022","Indiana, United States",NOT FOUND,NOT FOUND,NOT FOUND,MediaCo Holding Inc. | WBLS-WLIB LLC,NOT FOUND
EtonPharmaceuticalsInc_20191114_10-Q_EX-10.1_11893941_EX-10.1_Development Agreement,"June 12, 2019","September 02, 2019","September 02, 2019","Delaware, United States",NOT FOUND,"Yes | Excludes: Consequential, Incidental, Exemplary, Indirect damages",NOT FOUND,"Aucta Pharmaceuticals, Inc | Eton Pharmaceuticals, Inc",Yes | Notice: 180 days
FEDERATEDGOVERNMENTINCOMESECURITIESINC_04_28_2020-EX-99.SERV AGREE-SERVICES AGREEMENT,"January 01, 2004","January 01, 2004",Co-terminous with Advisory Agreement,"Pennsylvania, United States",NOT FOUND,NOT FOUND,NOT FOUND,FEDERATED ADVISORY SERVICES COMPANY | FEDERATED INVESTMENT MANAGEMENT COMPANY,NOT FOUND
FEDERATEDGOVERNMENTINCOMESECURITIESINC_04_28_2020-EX-99.SERV AGREE-SERVICES AGREEMENT_SECONDAMENDMENT,"March 01, 2016","March 01, 2016",NOT FOUND,"Pennsylvania, United States",NOT FOUND,NOT FOUND,NOT FOUND,FEDERATED ADVISORY SERVICES COMPANY | FEDERATED INVESTMENT MANAGEMENT COMPANY,NOT FOUND
"FTENETWORKS,INC_02_18_2016-EX-99.4-STRATEGIC ALLIANCE AGREEMENT",NOT FOUND,NOT FOUND,"February 16, 2019","Texas, United States",NOT FOUND,NOT FOUND,"Yes | Restricted Party: Subcontractor | Duration: During term + 1 year post-term | Scope: Non-Solicitation, No-Hire","FTE Networks, Inc. | EDGE Communications Solutions, LLC",Yes | Notice: 30 days | Either Party
FUSIONPHARMACEUTICALSINC_06_05_2020-EX-10.17-Supply Agreement - FUSION,NOT FOUND,NOT FOUND,Until Terminated,NOT FOUND,NOT FOUND,"Yes | Excludes: Consequential, Incidental, Indirect, Lost Profits/Revenue damages | Cap: [***] | Exceptions: Indemnification Obligations","Yes | Scope: Non-Solicitation, No-Hire",Centre for Probe Development and Commercialization (CPDC) | FUSION Pharmaceuticals Inc.,Yes | Notice: Redacted | Initiating Party: FUSION | Without Cause
FerroglobePlc_20150624_F-4A_EX-10.20_9154746_EX-10.20_Outsourcing Agreement,NOT FOUND,NOT FOUND,NOT FOUND,Spain,NOT FOUND,Yes | Cap: Limited to contractual value as per clause 7.1,NOT FOUND,"Silicon Smelters (Pty) Ltd | ESPACIO INFORMATION TECHNOLOGY, SA",Yes | Notice: 3 months
Freecook_20180605_S-1_EX-10.3_11233807_EX-10.3_Hosting Agreement,"January 11, 2018",NOT FOUND,"May 03, 2018",NOT FOUND,NOT FOUND,NOT FOUND,NOT FOUND,"FreeCook | Mitchell's Web Advance, PLC",NOT FOUND
FuseMedicalInc_20190321_10-K_EX-10.43_11575454_EX-10.43_Distributor Agreement,"March 29, 2018",NOT FOUND,Perpetual,NOT FOUND,IP Non-Challenge Clause (not indemnification),NOT FOUND,NOT FOUND,"Signature Orthopaedics Pty Ltd | CPM Medical Consultants, LLC",NOT FOUND
GALACTICOMMTECHNOLOGIESINC_11_07_1997-EX-10.46-WEB HOSTING AGREEMENT,"September 09, 1997",NOT FOUND,NOT FOUND,NOT FOUND,NOT FOUND,NOT FOUND,NOT FOUND,Galacticomm | Horst Entertainment Inc,NOT FOUND
GLOBALTECHNOLOGIESLTD_06_08_2020-EX-10.16-CONSULTING AGREEMENT,NOT FOUND,NOT FOUND,"January 02, 2020","Florida, United States",NOT FOUND,NOT FOUND,NOT FOUND,"Timothy Cabrera | Global Technologies, Ltd.",NOT FOUND
"GRIDIRONBIONUTRIENTS,INC_02_05_2020-EX-10.3-SUPPLY AGREEMENT","January 27, 2020",NOT FOUND,NOT FOUND,"Colorado, United States",NOT FOUND,NOT FOUND,NOT FOUND,"Gridiron BioNutrients, Inc | EWSD 1, LLC, d/b/a/ SHI FARMS",Yes | Notice: Not specified | Either Party
GSVINC_05_15_1998-EX-10-SPONSORSHIP AGREEMENT,NOT FOUND,NOT FOUND,12-Month Term,"New York, United States",NOT FOUND,"Yes | Excludes: Consequential, Incidental damages",NOT FOUND,"CyberShop | Excite, Inc",NOT FOUND
GULFSOUTHMEDICALSUPPLYINC_12_24_1997-EX-4-AFFILIATE AGREEMENT,"December 14, 1997",NOT FOUND,NOT FOUND,"Delaware, United States",NOT FOUND,NOT FOUND,NOT FOUND,"Physician Sales & Service, Inc. | Gulf South Medical Supply, Inc.",NOT FOUND
GopageCorp_20140221_10-K_EX-10.1_8432966_EX-10.1_Content License Agreement,"February 10, 2014","February 10, 2014",5-Year (60 months) Initial Term,"Nevada, United States",NOT FOUND,"Yes | Excludes: Consequential, Incidental, Exemplary, Indirect damages | Cap: AN AMOUNT EQUAL TO THE AGGREGATE AMOUNTS PAID OR PAYABLE TO LICENSOR IN THE TWELVE (12) MONTHS PRECE | Exceptions: Gross Negligence, Willful Misconduct, Indemnification Obligations",NOT FOUND,"PSiTech Corporation | Empirical Ventures, Inc",NOT FOUND
GpaqAcquisitionHoldingsInc_20200123_S-4A_EX-10.6_11951677_EX-10.6_License Agreement,NOT FOUND,NOT FOUND,"December 31, 2034","Ohio, United States",IP Non-Challenge Clause (not indemnification),NOT FOUND,NOT FOUND,"NATIONAL FOOTBALL MUSEUM, INC. | HOF Village, LLC | HOF Village Media Group, LLC",NOT FOUND
HEALTHGATEDATACORP_11_24_1999-EX-10.1-HOSTING AND MANAGEMENT AGREEMENT (1),NOT FOUND,NOT FOUND,Until Terminated,United Kingdom,NOT FOUND,"Yes | Exceptions: Willful Misconduct, Personal Injury/Death","Yes | Scope: Non-Competition, Exclusivity",HealthGate Data Corp | Blackwell Science Limited | Munksgaard A/S,NOT FOUND
HUBEIMINKANGPHARMACEUTICALLTD_09_19_2006-EX-10.1-OUTSOURCING AGREEMENT,NOT FOUND,NOT FOUND,NOT FOUND,"Nevada, United States",NOT FOUND,"Yes | Excludes: Consequential, Incidental, Indirect damages | Cap: the amount of the cost of the products",NOT FOUND,DGT Corp | Dolphin Industries Limited,NOT FOUND
HealthcareIntegratedTechnologiesInc_20190812_8-K_EX-10.1_11776966_EX-10.1_Reseller Agreement,NOT FOUND,NOT FOUND,See Contract Terms,"New York, United States",NOT FOUND,"Yes | Excludes: Consequential, Incidental, Punitive, Indirect, Lost Profits/Revenue damages",NOT FOUND,"Vayyar Imaging Ltd | Inde Living Holdings, Inc",Yes | Notice: Not specified | Either Party | Without Cause
IGENEBIOTECHNOLOGYINC_05_13_2003-EX-1-JOINT VENTURE AGREEMENT,"March 18, 2003","March 03, 2003",NOT FOUND,"Delaware, United States",NOT FOUND,NOT FOUND,"Yes | Restricted Party: Igene and T&L | Duration: During ownership of Operating Company | Scope: Non-Competition, Exclusivity","Tate & Lyle PLC | Tate & Lyle Fermentation Products Ltd. | Igene Biotechnology, Inc.",NOT FOUND
INKTOMICORP_06_08_1998-EX-10.14-SOFTWARE HOSTING AGREEMENT,NOT FOUND,NOT FOUND,Perpetual,"Washington, United States",NOT FOUND,NOT FOUND,NOT FOUND,INKTOMI CORPORATION | MICROSOFT CORPORATION,Yes | Notice: Redacted | Initiating Party: Microsoft | Without Cause
"INTELLIGENTHIGHWAYSOLUTIONS,INC_01_18_2018-EX-10.1-Strategic Alliance Agreement",NOT FOUND,NOT FOUND,NOT FOUND,"Texas, United States",NOT FOUND,NOT FOUND,NOT FOUND,"Bravatek Solutions, Inc | Fazync LLC",Yes | Notice: 90 days | Either Party
INTERNATIONALFASTFOODCORP_04_04_1997-EX-99-FRANCHISE AGREEMENT,NOT FOUND,NOT FOUND,NOT FOUND,"Florida, United States",NOT FOUND,NOT FOUND,NOT FOUND,BURGER KING CORPORATION | INTERNATIONAL FAST FOOD CORPORATION | INTERNATIONAL FAST FOOD POLSKA SP ZO.0,NOT FOUND
INTRICONCORP_03_10_2009-EX-10.22-Strategic Alliance Agreement,NOT FOUND,NOT FOUND,2-Month Term,Australia,NOT FOUND,"Yes | Excludes: Consequential, Incidental, Exemplary, Indirect, Lost Profits/Revenue damages | Cap: payment of damages recoverable at law or equity up to a maximum of (and, for the sake of clarity mus",Yes | Scope: Exclusivity,IntriCon Corporation | Dynamic Hearing Pty Ltd,Yes | Notice: 3 months | Initiating Party: Dynamic Hearing
ImperialGardenResortInc_20161028_DRS (on F-1)_EX-10.13_9963189_EX-10.13_Outsourcing Agreement,"October 29, 2015",NOT FOUND,NOT FOUND,Taiwan,NOT FOUND,NOT FOUND,NOT FOUND,Chang Chen- Bin Architects Office,NOT FOUND
ImpresseCorp_20000322_S-1A_EX-10.11_5199234_EX-10.11_Co-Branding Agreement,"March 03, 2000","March 03, 2000",See Contract Terms,"Delaware, United States",IP Non-Challenge Clause (not indemnification),"Yes | Excludes: Consequential, Incidental, Exemplary, Indirect damages | Exceptions: Fraud, Indemnification Obligations",NOT FOUND,"Impresse Corporation | VerticalNet, Inc",NOT FOUND
InmodeLtd_20190729_F-1A_EX-10.9_11743243_EX-10.9_Manufacturing Agreement,NOT FOUND,"January 04, 2011",See Contract Terms,Israel,NOT FOUND,"Yes | Excludes: Consequential, Incidental, Punitive damages",NOT FOUND,INVASIX LTD | FLEXTRONICS ISRAEL LTD,Yes | Notice: 4 months | Either Party | Without Cause
IntegrityFunds_20200121_485BPOS_EX-99.E UNDR CONTR_11948727_EX-99.E UNDR CONTR_Service Agreement,"January 18, 2020",NOT FOUND,"January 18, 2022","Kansas, United States",NOT FOUND,NOT FOUND,NOT FOUND,"Integrity Short Term Government Fund | Integrity Funds Distributor, LLC",NOT FOUND
JINGWEIINTERNATIONALLTD_10_04_2007-EX-10.7-INTELLECTUAL PROPERTY AGREEMENT,"February 08, 2007","February 08, 2007",5-Year (60 months) Initial Term,China,NOT FOUND,NOT FOUND,NOT FOUND,"JingWei HengTong Technology | ShenZhen JingWei Communication Co., Ltd",Yes | Notice: 30 days | Initiating Party: Party A
"KIROMICBIOPHARMA,INC_05_11_2020-EX-10.23-CONSULTING AGREEMENT","July 20, 2018","July 01, 2018",See Contract Terms,"Texas, United States",NOT FOUND,NOT FOUND,Yes | Scope: Non-Competition,"Kiromic, Inc | Gianluca Rotino",Yes | Notice: Not specified | Initiating Party: Either Consultant or Company
LIMEENERGYCO_09_09_1999-EX-10-DISTRIBUTOR AGREEMENT,NOT FOUND,NOT FOUND,10-Year (120 months) Initial Term,"Illinois, United States",IP Non-Challenge Clause (not indemnification),NOT FOUND,"Yes | Duration: Term of the  Agreement  and for a period of  eighteen





  | Scope: Non-Solicitation, No-Hire, Non-Competition",Electric City of Illinois L.L.C | Electric City Corp,NOT FOUND
LOYALTYPOINTINC_11_16_2004-EX-10.2-RESELLER AGREEMENT,NOT FOUND,"August 01, 2004","July 31, 2009","Missouri, United States",NOT FOUND,"Yes | Excludes: Consequential, Incidental, Punitive, Exemplary, Indirect, Lost Profits/Revenue damages | Cap: the lesser of $50,000 or (not including other funding amounts such as the Point va",Yes | Duration: In any Contract Year | Scope: Exclusivity,"Schoolpop, Inc. | American Express Incentive Services, L.L.C.",NOT FOUND
LUCIDINC_04_15_2011-EX-10.9-DISTRIBUTOR AGREEMENT,NOT FOUND,NOT FOUND,3-Year (36 months) Initial Term,"New York, United States",NOT FOUND,"Yes | Excludes: Consequential, Incidental, Punitive, Indirect, Lost Profits/Revenue damages | Cap: refund of money paid to Lucid for any undelivered products | Exceptions: Personal Injury/Death",NOT FOUND,Lucid Inc,Yes | Notice: 90 days | Either Party
LegacyEducationAllianceInc_20200330_10-K_EX-10.18_12090678_EX-10.18_Development Agreement,"December 23, 2019","December 23, 2019","5-Year (60 months) Initial Term, Auto-Renewal","New York, United States",IP Non-Challenge Clause (not indemnification),"Yes | Excludes: Consequential, Indirect, Lost Profits/Revenue damages | Exceptions: Confidentiality Breach, Indemnification Obligations","Yes | Restricted Party: T&B and Affiliates | Duration: During the Term | Scope: Non-Competition, Exclusivity","Legacy Education Alliance Holdings, Inc | T&B Seminars, Inc",NOT FOUND
MACROGENICSINC_08_02_2013-EX-10-COLLABORATION AGREEMENT,"June 02, 2010","June 02, 2010",Until Completion of Program/Milestones,NOT FOUND,IP Non-Challenge Clause (not indemnification),"Yes | Excludes: Consequential, Incidental, Punitive, Indirect, Lost Profits/Revenue damages | Exceptions: Confidentiality Breach, Indemnification Obligations",Yes | Scope: Non-Competition,"Green Cross Corp | MacroGenics, Inc",NOT FOUND
MARTINMIDSTREAMPARTNERSLP_01_23_2004-EX-10.3-TRANSPORTATION SERVICES AGREEMENT,NOT FOUND,NOT FOUND,See Contract Terms,"Texas, United States",NOT FOUND,"Yes | Excludes: Consequential, Punitive, Lost Profits/Revenue damages",NOT FOUND,Martin Operating Partnership L.P. | Midstream Fuel Service LLC,NOT FOUND
MEDIWOUNDLTD_01_15_2014-EX-10.6-SUPPLY AGREEMENT,NOT FOUND,NOT FOUND,NOT FOUND,"New York, United States",NOT FOUND,"Yes | Excludes: Consequential, Incidental, Punitive, Indirect, Lost Profits/Revenue damages | Exceptions: Confidentiality Breach",NOT FOUND,MediWound Ltd | Challenge Bioproducts Corporation Ltd,Yes | Notice: 6 / 24 months (varies by party) | Initiating Party: MediWound
"MIDDLEBROOKPHARMACEUTICALS,INC_03_18_2010-EX-10.1-PROMOTION AGREEMENT","February 03, 2010","February 03, 2010",3-Year (36 months) Initial Term,"North Carolina, United States",NOT FOUND,"Yes | Excludes: Incidental, Indirect damages",NOT FOUND,"MiddleBrook Pharmaceuticals, Inc. | DoctorDirectory.com, Inc.",NOT FOUND
MRSFIELDSORIGINALCOOKIESINC_01_29_1998-EX-10-FRANCHISE AGREEMENT,NOT FOUND,NOT FOUND,20-Year (240 months) Initial Term,NOT FOUND,IP Non-Challenge Clause (not indemnification),"Yes | Excludes: Consequential, Incidental, Punitive, Exemplary, Indirect damages | Cap: RECOVERY OF ANY ACTUAL DAMAGES IT SUSTAINS | Exceptions: Gross Negligence, Indemnification Obligations",NOT FOUND,"Pretzel Time, Inc",Yes | Notice: 30 days
"Magenta Therapeutics, Inc. - Master Development and Manufacturing Agreement","February 13, 2018","February 13, 2018",5-Year (60 months) Initial Term,"New York, United States",NOT FOUND,"Yes | Excludes: Consequential, Incidental, Indirect damages | Cap: THE AMOUNT [***] | Exceptions: Gross Negligence, Willful Misconduct, IP Infringement, Indemnification Obligations",NOT FOUND,"Magenta Therapeutics, Inc | Bachem Americas, Inc",Yes | Notice: Redacted | Without Cause
"MetLife, Inc. - Remarketing Agreement","August 26, 2014",NOT FOUND,See Contract Terms,"New York, United States",NOT FOUND,Yes | Cap: Total price at which Securities were remarketed minus damages already paid,NOT FOUND,"Deutsche Bank Trust Company America | Deutsche Bank Securities Inc. | MetLife, Inc.",NOT FOUND
MorganStanleyDirectLendingFund_20191119_10-12GA_EX-10.5_11898508_EX-10.5_Trademark License Agreement,NOT FOUND,NOT FOUND,See Contract Terms,"New York, United States",IP Non-Challenge Clause (not indemnification),"Yes | Excludes: Consequential, Incidental, Punitive, Exemplary, Indirect, Lost Profits/Revenue damages | Exceptions: Indemnification Obligations",NOT FOUND,Morgan Stanley Direct Lending Fund | Morgan Stanley Investment Management Inc,Yes | Notice: Immediate | Initiating Party: Licensor | Without Cause
NANOPHASETECHNOLOGIESCORP_11_01_2005-EX-99.1-DISTRIBUTOR AGREEMENT,"October 24, 2005",NOT FOUND,"5-Year (60 months) Initial Term, Auto-Renewal","Delaware, United States",NOT FOUND,"Yes | Excludes: Consequential, Incidental, Punitive, Exemplary, Indirect, Lost Profits/Revenue damages | Exceptions: Personal Injury/Death",NOT FOUND,"Nanophase Technologies Corporation | ALFA AESAR | JOHNSON MATTHEY CATALOG COMPANY, INC",Yes | Notice: 6 months | Either Party | Without Cause
NELNETINC_04_08_2020-EX-1-JOINT FILING AGREEMENT,"March 27, 2020",NOT FOUND,NOT FOUND,NOT FOUND,NOT FOUND,NOT FOUND,NOT FOUND,Shelby J. Butterfield,NOT FOUND
NEONSYSTEMSINC_03_01_1999-EX-10.5-DISTRIBUTOR AGREEMENT_Amendment,NOT FOUND,NOT FOUND,"March 31, 2004",NOT FOUND,NOT FOUND,NOT FOUND,NOT FOUND,"NEON Systems, Inc | Peregrine/Bridge Transfer Corporation",NOT FOUND
"NETGEAR,INC_04_21_2003-EX-10.16-AMENDMENT TO THE DISTRIBUTOR AGREEMENT BETWEEN INGRAM MICRO AND NETGEAR","October 01, 1996","October 01, 1996",NOT FOUND,NOT FOUND,NOT FOUND,NOT FOUND,NOT FOUND,"Ingram Micro | NETGEAR, Inc",NOT FOUND
"NETGEAR,INC_04_21_2003-EX-10.16-DISTRIBUTOR AGREEMENT","November 05, 1996","March 01, 1996","1-Year (12 months) Initial Term, Auto-Renewal","California, United States",NOT FOUND,"Yes | Excludes: Consequential, Incidental, Indirect, Lost Profits/Revenue damages | Exceptions: IP Infringement",NOT FOUND,"Ingram Micro | NETGEAR, Inc",Yes | Notice: 90 days | Either Party | Without Cause
NICELTD_06_26_2003-EX-4.5-OUTSOURCING AGREEMENT,"January 21, 2002","January 21, 2002",Perpetual,Israel,NOT FOUND,"Yes | Excludes: Consequential, Incidental, Exemplary, Indirect damages | Cap: five million US dollars ($5,000,000) in the aggregate for all claims, except for infringem | Exceptions: IP Infringement",NOT FOUND,Nice Systems Ltd | Flextronics Israel Ltd,Yes | Notice: 45 days | Without Cause
NUVEEN - REMARKETING AGREEMENT,NOT FOUND,NOT FOUND,See Contract Terms,"New York, United States",NOT FOUND,NOT FOUND,NOT FOUND,"Nuveen AMT-Free Municipal Credit Income Fund | Nuveen Fund Advisors, LLC",NOT FOUND
NYLIACVARIABLEANNUITYSEPARATEACCOUNTIII_04_10_2020-EX-99.8.KK-SERVICE AGREEMENT,NOT FOUND,NOT FOUND,Co-terminous with Related Agreement,"Massachusetts, United States",NOT FOUND,NOT FOUND,NOT FOUND,"FIIOC | NEW YORK LIFE INSURANCE AND ANNUITY CORPORATION | FIDELITY INVESTMENTS INSTITUTIONAL OPERATIONS COMPANY, INC",Yes | Notice: 90 days | Initiating Party: FIIOC
"OAKTREECAPITALGROUP,LLC_03_02_2020-EX-10.8-Services Agreement","September 25, 2018","September 25, 2018",See Contract Terms,United Kingdom,NOT FOUND,NOT FOUND,NOT FOUND,"Oaktree Capital Management, L.P. | Oaktree Capital Management (International) Limited",Yes | Notice: 30 days | Without Cause
"OASYSMOBILE,INC_07_05_2001-EX-10.17-OUTSOURCING AGREEMENT",NOT FOUND,NOT FOUND,3-Year (36 months) Initial Term,"California, United States",IP Non-Challenge Clause (not indemnification),"Yes | Excludes: Consequential, Incidental, Indirect, Lost Profits/Revenue damages | Exceptions: IP Infringement, Indemnification Obligations",NOT FOUND,"HIGH SPEED NET SOLUTIONS, INC. | E.PIPHANY, INC.",NOT FOUND
"ON2TECHNOLOGIES,INC_11_17_2006-EX-10.3-SUPPORT AND MAINTENANCE AGREEMENT",NOT FOUND,NOT FOUND,18-Month Term,"New York, United States",NOT FOUND,NOT FOUND,NOT FOUND,"Wildform, Inc | On2 Technologies, Inc",NOT FOUND
OPERALTD_04_30_2020-EX-4.14-SERVICE AGREEMENT,"April 01, 2019","April 01, 2019","March 30, 2020",India,NOT FOUND,"Yes | Excludes: Consequential, Incidental, Exemplary, Indirect damages | Cap: THE AGGREGATE AMOUNT OF FEES AND EXPENSES OWED BY PC FINANCIAL TO MOBIMAGIC FOR SERVICES PERFORMED U | Exceptions: Confidentiality Breach",NOT FOUND,"Mobimagic Co., Ltd | PC Financial Services Private Limited",NOT FOUND
ORBSATCORP_08_17_2007-EX-7.3-STRATEGIC ALLIANCE AGREEMENT,NOT FOUND,NOT FOUND,Until Terminated,NOT FOUND,NOT FOUND,NOT FOUND,"Yes | Restricted Party: AVDU | Duration: 24 months post-termination | Scope: Non-Competition, Non-Solicitation",UTEK Corporation | World Energy Solutions,Yes | Notice: 30 days | Either Party
PACIFICSYSTEMSCONTROLTECHNOLOGYINC_08_24_2000-EX-10.53-SPONSORSHIP AGREEMENT,"April 14, 2000",NOT FOUND,NOT FOUND,Hong Kong,NOT FOUND,NOT FOUND,NOT FOUND,"Shun Li De Commerce & Trading Ltd | American Champion Media, Inc",NOT FOUND
PREMIERBIOMEDICALINC_05_14_2020-EX-10.2-INTELLECTUAL PROPERTY AGREEMENT,"May 12, 2020","May 12, 2020",NOT FOUND,"Pennsylvania, United States",NOT FOUND,NOT FOUND,NOT FOUND,"Premier Biomedical, Inc | Technology Health, Inc | Marv Enterprises, LLC",NOT FOUND
PacificapEntertainmentHoldingsInc_20051115_8-KA_EX-1.01_4300894_EX-1.01_Content License Agreement,NOT FOUND,NOT FOUND,See Contract Terms,NOT FOUND,IP Non-Challenge Clause (not indemnification),NOT FOUND,NOT FOUND,THE HENRY FILM AND ENTERTAINMENT CORPORATION | PACIFICAP ENTERTAINMENT,NOT FOUND
PalmerSquareCapitalBdcInc_20200116_10-12GA_EX-10.6_11949289_EX-10.6_Trademark License Agreement,NOT FOUND,NOT FOUND,See Contract Terms,"New York, United States",NOT FOUND,NOT FOUND,NOT FOUND,Palmer Square Capital Management LLC | Palmer Square Capital BDC Inc,Yes | Notice: 60 days | Either Party
PapaJohnsInternationalInc_20190617_8-K_EX-10.1_11707365_EX-10.1_Endorsement Agreement,"March 15, 2019","March 15, 2019","March 15, 2022","Delaware, United States",IP Non-Challenge Clause (not indemnification),"Yes | Excludes: Consequential, Incidental, Punitive, Exemplary, Special damages",NOT FOUND,"Papa John's Marketing Fund, Inc. | Papa John's International, Inc. | ABG-Shaq, LLC",NOT FOUND
PelicanDeliversInc_20200211_S-1_EX-10.3_11975895_EX-10.3_Development Agreement1,NOT FOUND,NOT FOUND,NOT FOUND,NOT FOUND,NOT FOUND,NOT FOUND,NOT FOUND,"SEATTLE SOFTWARE DEVELOPERS, Inc | PELICAN DELIVERS INC",NOT FOUND
PelicanDeliversInc_20200211_S-1_EX-10.3_11975895_EX-10.3_Development Agreement2,NOT FOUND,"December 03, 2018",See Contract Terms,"Washington, United States",NOT FOUND,NOT FOUND,NOT FOUND,Pelican Delivers Inc,Yes | Notice: 2 weeks (14 days) | Either Party | Without Cause
PenntexMidstreamPartnersLp_20150416_S-1A_EX-10.4_9042833_EX-10.4_Transportation Agreement,NOT FOUND,NOT FOUND,15-Year (180 months) Initial Term,"Texas, United States","Yes | Indemnifying Party: CUSTOMER | Covers: Gross Negligence, Willful Misconduct","Yes | Excludes: Consequential, Incidental, Punitive, Exemplary, Indirect, Lost Profits/Revenue damages | Exceptions: Indemnification Obligations",NOT FOUND,"PennTex North Louisiana Operating, LLC | MRD Operating LLC",NOT FOUND
PfHospitalityGroupInc_20150923_10-12G_EX-10.1_9266710_EX-10.1_Franchise Agreement1,NOT FOUND,NOT FOUND,10-Year (120 months) Initial Term,"Florida, United States",IP Non-Challenge Clause (not indemnification),"Yes | Excludes: Consequential, Punitive, Exemplary damages | Cap: the recovery of actual damages sustained",NOT FOUND,"Pizza Fusion Holding, Inc",Yes | Notice: 30 days
PfHospitalityGroupInc_20150923_10-12G_EX-10.1_9266710_EX-10.1_Franchise Agreement3,NOT FOUND,NOT FOUND,NOT FOUND,NOT FOUND,NOT FOUND,NOT FOUND,NOT FOUND,NOT FOUND,NOT FOUND
PrecheckHealthServicesInc_20200320_8-K_EX-99.2_12070169_EX-99.2_Distributor Agreement,NOT FOUND,NOT FOUND,"March 18, 2021","Texas, United States",IP Non-Challenge Clause (not indemnification),NOT FOUND,NOT FOUND,"Co-Diagnostics, Inc | PreCheck Health Services, Inc",Yes | Notice: 30 days | Either Party | Without Cause
Principal Life Insurance Company - Broker Dealer Marketing and Servicing Agreement,NOT FOUND,NOT FOUND,NOT FOUND,"Iowa, United States",NOT FOUND,NOT FOUND,NOT FOUND,ABC Company | Princor Financial Services Corporation | Principal Life Insurance Company,Yes | Notice: Not specified | Either Party
REWALKROBOTICSLTD_07_10_2014-EX-10.2-STRATEGIC ALLIANCE AGREEMENT,"September 24, 2013","September 24, 2013",10-Year (120 months) Initial Term,Israel,NOT FOUND,NOT FOUND,NOT FOUND,Yaskawa Electric Corporation | Argo Medical Technologies Ltd,Yes | Notice: 60 days | Either Party
RUBIOSRESTAURANTSINC_03_31_2008-EX-10.75-SPONSORSHIP AGREEMENT,"March 21, 2008","November 01, 2007","October 31, 2008","California, United States",NOT FOUND,Yes | Cap: Aggregate remediation capped at Annual Payment made by Sponsor for that year,Yes | Restricted Party: SDBF (sponsor) | Duration: During the Term | Scope: Exclusivity,SAN DIEGO BALLPARK FUNDING LLC | Rubio's Fresh Mexican Grill,NOT FOUND
RareElementResourcesLtd_20171019_SC 13D_EX-99.4_10897534_EX-99.4_Intellectual Property Agreement,"October 02, 2017",NOT FOUND,6-Year (72 months) Initial Term,"New York, United States",NOT FOUND,NOT FOUND,NOT FOUND,Rare Element Resources Ltd,NOT FOUND
ReedsInc_20191113_10-Q_EX-10.4_11888303_EX-10.4_Development Agreement,"October 11, 2019","October 11, 2019",See Contract Terms,"New York, United States",IP Non-Challenge Clause (not indemnification),"Yes | Excludes: Consequential, Incidental, Punitive, Exemplary, Indirect, Lost Profits/Revenue damages | Exceptions: Indemnification Obligations",NOT FOUND,"B C Marketing Concepts Inc | Reed's, Inc",NOT FOUND
ReynoldsConsumerProductsInc_20191115_S-1_EX-10.18_11896469_EX-10.18_Supply Agreement,"November 01, 2019","November 01, 2019",See Contract Terms,"Illinois, United States",NOT FOUND,"Yes | Excludes: Consequential, Incidental, Punitive, Exemplary, Indirect damages | Exceptions: IP Infringement, Indemnification Obligations",NOT FOUND,REYNOLDS CONSUMER PRODUCTS LLC | PACTIV LLC,NOT FOUND
RgcResourcesInc_20151216_8-K_EX-10.3_9372751_EX-10.3_Franchise Agreement,NOT FOUND,"January 01, 2016","January 01, 2016",NOT FOUND,NOT FOUND,NOT FOUND,NOT FOUND,"ROANOKE GAS COMPANY | TOWN OF VINTON, VIRGINIA",NOT FOUND
SECURIANFUNDSTRUST_05_01_2012-EX-99.28.H.9-NET INVESTMENT INCOME MAINTENANCE AGREEMENT,"May 01, 2012","May 01, 2012",1-Year (12 months) Initial Term,NOT FOUND,NOT FOUND,NOT FOUND,NOT FOUND,"Advantus Capital Management, Inc | Securian Funds Trust | Trust's Advantus Money Market Fund | Securian Financial Services, Inc",NOT FOUND
SENMIAOTECHNOLOGYLTD_02_19_2019-EX-10.5-Collaboration Agreement,"December 17, 2018","December 17, 2018",1-Year (12 months) Initial Term,China,NOT FOUND,"Yes | Excludes: Punitive, Indirect, Lost Profits/Revenue damages | Cap: the losses caused by damage to Party B's computer system or mobile phone system or loss of data | Exceptions: Confidentiality Breach",Yes | Scope: Non-Competition,"Hunan Ruixi Financial Leasing Co., Ltd | Didi Chuxing Technology Co., Ltd",Yes | Notice: 15 days | Either Party
SEPARATEACCOUNTIIOFAGL_05_02_2011-EX-99.(J)(4)-UNCONDITIONAL CAPITAL MAINTENANCE AGREEMENT,"March 30, 2011","March 30, 2011",Perpetual,"New York, United States",NOT FOUND,NOT FOUND,NOT FOUND,"American International Group, Inc | American General Life Insurance Company",Yes | Notice: 30 days
"SIBANNAC,INC_12_04_2017-EX-2.1-Strategic Alliance Agreement",NOT FOUND,NOT FOUND,"12-Month Term, Auto-Renewal","Texas, United States",NOT FOUND,NOT FOUND,NOT FOUND,"Bravatek Solutions, Inc | Sibannac, Inc",Yes | Notice: 90 days | Either Party
SLINGERBAGINC_05_27_2020-EX-10.7-CONSULTING AGREEMENT,NOT FOUND,NOT FOUND,3-Year (36 months) Initial Term,"New York, United States",NOT FOUND,NOT FOUND,NOT FOUND,Aitan Zacharin | Slinger Bag Inc,Yes | Notice: 60 / 120 days (varies by party) | Initiating Party: The Company
SLOVAKWIRELESSFINANCECOBV_03_28_2001-EX-4.(B)(II).3-Maintenance and support contract for SICAP(R) modules,NOT FOUND,NOT FOUND,2-Year (24 months) Initial Term,NOT FOUND,NOT FOUND,"Yes | Excludes: Consequential, Indirect damages",NOT FOUND,Sicap Ltd | EuroTel,NOT FOUND
SPARKLINGSPRINGWATERHOLDINGSLTD_07_03_2002-EX-10.13-SOFTWARE LICENSE AND MAINTENANCE AGREEMENT,NOT FOUND,NOT FOUND,Perpetual,Canada,NOT FOUND,"Yes | Excludes: Consequential, Indirect, Lost Profits/Revenue damages | Cap: lost profits, lost revenues, failure to realize expected savings, loss of data and loss of use",NOT FOUND,"GARMAN ROUTING SYSTEMS, INC | SPARKLING SPRING WATER GROUP LIMITED",Yes | Notice: 90 days | Initiating Party: Sparkling
SUMMAFOURINC_06_19_1998-EX-10.3-SOFTWARE LICENSE AND MAINTENANCE AGREEMENT,"August 04, 1997","August 04, 1997",Until Terminated,"New York, United States",NOT FOUND,"Yes | Excludes: Consequential, Incidental, Indirect, Lost Profits/Revenue damages",NOT FOUND,"Summa Four Inc | D2 Technologies, Inc",Yes | Notice: 90 days | Initiating Party: LICENSEE
SalesforcecomInc_20171122_10-Q_EX-10.1_10961535_EX-10.1_Reseller Agreement,NOT FOUND,NOT FOUND,NOT FOUND,NOT FOUND,NOT FOUND,NOT FOUND,NOT FOUND,"salesforce.com, inc. | Salesforce.org",NOT FOUND
ScansourceInc_20190822_10-K_EX-10.38_11793958_EX-10.38_Distributor Agreement1,"January 22, 2007","January 22, 2007",2-Year (24 months) Initial Term,"New York, United States",NOT FOUND,"Yes | Excludes: Consequential, Incidental, Indirect, Lost Profits/Revenue damages | Exceptions: IP Infringement, Indemnification Obligations",NOT FOUND,"ScanSource, Inc | Cisco Systems, Inc",Yes | Notice: Redacted | Either Party | Without Cause
ScansourceInc_20190822_10-K_EX-10.38_11793958_EX-10.38_Distributor Agreement2,NOT FOUND,NOT FOUND,Until Terminated,"California, United States",NOT FOUND,"Yes | Excludes: Consequential, Incidental, Punitive, Indirect damages",NOT FOUND,"Cisco Systems, Inc.",Yes | Notice: Not specified | Initiating Party: Customer
"SightLife Surgical, Inc. - STRATEGIC SALES _ MARKETING AGREEMENT","April 28, 2017","April 28, 2017",36-Month Term,"California, United States",NOT FOUND,NOT FOUND,NOT FOUND,"SightLife Surgical, Inc | Imprimis Pharmaceuticals, Inc",Yes | Notice: Not specified | Either Party | Without Cause
SouthernStarEnergyInc_20051202_SB-2A_EX-9_801890_EX-9_Affiliate Agreement,NOT FOUND,NOT FOUND,Until Terminated,Germany,NOT FOUND,Yes | Excludes: Lost Profits/Revenue damages,NOT FOUND,element 5 GmbH | Software Publishers | Web site owners (Affiliates),Yes | Notice: Not specified | Either Party | Without Cause
TELEGLOBEINTERNATIONALHOLDINGSLTD_03_29_2004-EX-10.10-CONSTRUCTION AND MAINTENANCE AGREEMENT,NOT FOUND,NOT FOUND,25-Year (300 months) Initial Term,NOT FOUND,NOT FOUND,"Yes | Excludes: Consequential, Indirect damages",NOT FOUND,"Bayan Telecommunications, Inc | Dacom Corporation | Korea Telecom | StarHub Pte Ltd | Williams Communications, Inc | Teleglobe USA Inc | NTT Communications Corporation | China Telecom | NTT Com Asia Ltd | PT Indosat (Persero) Tbk | Cable & Wireless HKT international Limited | MCI International Telecommunications. Inc | China United Telecommunications Corporation | Onelink Cable Network Limited | Layer 2 Communications Group Ltd | CTI International Limited | Chunghwa Telecom Co., Ltd | Taiwan Fixed Network Co., Ltd. Preparatory Office | GTE Intelligent Network Service Incorporated | Globe Telecom, Inc | Global One Communications Network, Inc | KPN Telecom B.V | edge2net Inc | China Netcom Corporation Ltd | APT Satellite Telecommunications Limited | Advantage Telecommunications Ltd | Concert Global Network Services, Ltd | Metromedia Fiber Network Services, Inc | Singapore Telecommunications Limited | Cable & Wireless Global Network Limited | KDD Corporation | Maxis International Sdn. Bhd | Japan Telecom Co., Ltd | TT dotCom Sdn Bhd | Onse Telecom Corporation | GNG Networks. Inc | Telia AB (publ | New World Telephone Limited | Telekom Malaysia Berhad (128740-P | Global Access Ltd | Telstra Global Networks Limited | Eastern Telecommunications Philippines, Incorporated | Philippine Long Distance Telephone Company | New Century InfoComm Ltd., Preparatory Office",Yes | Notice: 12 months (1 year) | Either Party
TcPipelinesLp_20160226_10-K_EX-99.12_9454048_EX-99.12_Transportation Agreement,"December 14, 2015","November 01, 2016","October 31, 2017","Michigan, United States",NOT FOUND,NOT FOUND,NOT FOUND,ANR PIPELINE COMPANY | Great Lakes Gas Transmission Limited Partnership,NOT FOUND
TodosMedicalLtd_20190328_20-F_EX-4.10_11587157_EX-4.10_Marketing Agreement_ Reseller Agreement,NOT FOUND,NOT FOUND,5-Year (60 months) Initial Term,Israel,NOT FOUND,"Yes | Excludes: Consequential, Incidental, Punitive, Indirect, Lost Profits/Revenue damages | Cap: the amounts paid or payable by the Reseller to Todos during the twelve-month period preceding the in | Exceptions: Confidentiality Breach, IP Infringement, Indemnification Obligations",Yes | Restricted Party: Todos Medical | Duration: Conditional on Annual Milestone performance | Scope: Exclusivity,Todos Medical Ltd | Care G. B. Plus Ltd,NOT FOUND
URSCORPNEW_03_17_2014-EX-99-COOPERATION AGREEMENT,"March 13, 2014",NOT FOUND,NOT FOUND,"Delaware, United States",NOT FOUND,NOT FOUND,NOT FOUND,URS Corporation | JANA Partners LLC,NOT FOUND
UpjohnInc_20200121_10-12G_EX-2.6_11948692_EX-2.6_Manufacturing Agreement_ Supply Agreement,NOT FOUND,NOT FOUND,12-Month Term,"Delaware, United States",NOT FOUND,"Yes | Excludes: Consequential, Incidental, Punitive, Exemplary, Indirect, Lost Profits/Revenue, Special damages | Exceptions: Gross Negligence, Willful Misconduct, Fraud, Confidentiality Breach, IP Infringement, Indemnification Obligations","Yes | Scope: Non-Solicitation, No-Hire, Exclusivity",Upjohn Inc | Pfizer Inc,NOT FOUND
UsioInc_20040428_SB-2_EX-10.11_1723988_EX-10.11_Affiliate Agreement 2,NOT FOUND,NOT FOUND,See Contract Terms,"Texas, United States",NOT FOUND,NOT FOUND,NOT FOUND,"Payment Data Systems, Inc | NETWORK 1 FINANCIAL, INC",NOT FOUND
VARIABLESEPARATEACCOUNT_04_30_2014-EX-13.C-UNCONDITIONAL CAPITAL MAINTENANCE AGREEMENT,"February 18, 2014","February 18, 2014",Perpetual,"New York, United States",NOT FOUND,NOT FOUND,NOT FOUND,"American International Group, Inc | American General Life Insurance Company",NOT FOUND
"VEONEER,INC_02_21_2020-EX-10.11-JOINT VENTURE AGREEMENT","October 30, 2019","October 30, 2019",See Contract Terms,Japan,NOT FOUND,NOT FOUND,NOT FOUND,"Nissin Kogyo Co., Ltd. | Nissin Kogyo Holdings | Veoneer AB | Zhongshan Nissin Industry Co., Ltd. | Veoneer US, Inc.",NOT FOUND
VERICELCORP_08_06_2019-EX-10.10-SUPPLY AGREEMENT,"May 06, 2019","May 06, 2019",See Contract Terms,"New York, United States",NOT FOUND,"Yes | Excludes: Consequential, Incidental, Exemplary, Lost Profits/Revenue damages",NOT FOUND,MediWound Ltd | Vericel Corporation,Yes | Notice: Redacted | Without Cause
VERTEXENERGYINC_08_14_2014-EX-10.24-OPERATION AND MAINTENANCE AGREEMENT,NOT FOUND,NOT FOUND,Until Terminated,"Delaware, United States",NOT FOUND,"Yes | Excludes: Consequential, Punitive, Exemplary, Indirect, Lost Profits/Revenue damages | Exceptions: Gross Negligence",NOT FOUND,"OMEGA REFINING, LLC | MAGELLAN TERMINALS HOLDINGS, L.P.",Yes | Notice: 7 days | Initiating Party: Owner | Without Cause
VERTICALNETINC_04_01_2002-EX-10.19-MAINTENANCE AND SUPPORT AGREEMENT,NOT FOUND,"October 01, 2001","March 31, 2003","Pennsylvania, United States",NOT FOUND,Yes | Cap: Fees paid by Converge to VNE in the 3 months preceding the claim | Exceptions: 2-year action commencement limit applies,"Yes | Restricted Party: Converge | Duration: Post Non-Renewal Election period | Scope: Non-Solicitation, No-Hire","VerticalNet Enterprises LLC | Converge, Inc.",NOT FOUND
"VIRGINGALACTICHOLDINGS,INC_04_08_2020-EX-99.1-JOINT FILING STATEMENT","April 08, 2020",NOT FOUND,NOT FOUND,NOT FOUND,NOT FOUND,NOT FOUND,NOT FOUND,"SCULPTOR MANAGEMENT, INC | SCULPTOR CAPITAL LP | SCULPTOR CAPITAL HOLDING CORPORATION | SCULPTOR MASTER FUND LTD",NOT FOUND
VerizonAbsLlc_20200123_8-K_EX-10.4_11952335_EX-10.4_Service Agreement,"January 29, 2020",NOT FOUND,See Contract Terms,"New York, United States",NOT FOUND,NOT FOUND,NOT FOUND,Cellco Partnership (Verizon Wireless) | VERIZON OWNER TRUST 2020-A | VERIZON ABS LLC,NOT FOUND
WELLSFARGOMORTGAGEBACKEDSECURITIES2006-6TRUST_05_11_2006-EX-10.3-Yield Maintenance Agreement,"April 27, 2006","April 01, 2006","April 01, 2009","New York, United States",NOT FOUND,NOT FOUND,NOT FOUND,UBS AG | Wells Fargo Bank,NOT FOUND
"WHITESMOKE,INC_11_08_2011-EX-10.26-PROMOTION AND DISTRIBUTION AGREEMENT",NOT FOUND,"August 01, 2011",2-Year (24 months) Initial Term,United Kingdom,NOT FOUND,"Yes | Excludes: Consequential, Indirect, Lost Profits/Revenue damages | Cap: the greater of: (a) [ * ] Euros ([ * ] Euros) | Exceptions: Fraud, IP Infringement, Personal Injury/Death",NOT FOUND,Google Inc | Whitesmoke Inc,NOT FOUND
WORLDWIDESTRATEGIESINC_11_02_2005-EX-10-RESELLER AGREEMENT,NOT FOUND,NOT FOUND,12-Month Term,"Colorado, United States",IP Non-Challenge Clause (not indemnification),"Yes | Excludes: Consequential, Incidental, Punitive, Indirect damages","Yes | Duration: employment to any former employee of TouchStar for a period  | Scope: Non-Solicitation, No-Hire, Non-Competition",WORLDWIDE STRATEGIES | TOUCHSTAR SOFTWARE CORPORATION,Yes | Notice: 15 days | Initiating Party: TouchStar | Without Cause
WPPPLC_04_30_2020-EX-4.28-SERVICE AGREEMENT,"October 01, 2019","January 27, 2020",See Contract Terms,United Kingdom,NOT FOUND,NOT FOUND,"Yes | Scope: Non-Solicitation, No-Hire, Non-Competition",WPP 2005 LIMITED | JOHN ROGERS,Yes | Notice: Immediate | Either Party
"XLITECHNOLOGIES,INC_12_11_2015-EX-10.1-Sponsorship Agreement","December 01, 2015","December 01, 2015","November 30, 2016",NOT FOUND,NOT FOUND,NOT FOUND,NOT FOUND,"Bosch International, LLC / XLI Technologies, Inc | RMF Empire, Inc",NOT FOUND
ZEBRATECHNOLOGIESCORP_04_16_2014-EX-10.1-INTELLECTUAL PROPERTY AGREEMENT,"April 14, 2014","April 14, 2014",Perpetual,"Delaware, United States",NOT FOUND,NOT FOUND,NOT FOUND,"Zebra Technologies Corporation | Motorola Solutions, Inc.",NOT FOUND
"Zounds Hearing, Inc. - MANUFACTURING DESIGN MARKETING AGREEMENT","October 03, 2018","October 03, 2018",10-Year (120 months) Initial Term,"Arizona, United States",NOT FOUND,"Yes | Excludes: Consequential, Incidental, Punitive, Special, Cover damages","Yes | Restricted Party: Either Party | Duration: During term + 5 years post-term | Scope: Non-Solicitation, No-Hire","Zounds Hearing, Inc | InnerScope Hearing Technologies, Inc",NOT FOUND
